Ensemble_mean,Ensemble_index,MSE,PSNR,R2_score,Mean_Quantile_Loss
False,0,0.006871234781926194,21.65835081155478,0.8448642142784427,0.43163878302823466
False,1,0.006961988027560476,21.60136597177825,0.8419125861806793,0.43571735129684747
False,2,0.006782861979248256,21.71456889342359,0.8467116605681518,0.43375729317818695
False,3,0.006807822541388353,21.69861642749073,0.8460424256216332,0.4323920594759917
False,4,0.006860211098686213,21.665323894901594,0.8446461316937216,0.4355372253166831
True,,0.006436378219791212,21.942283127270905,0.8545091314409564,0.41466683039479885
