Ensemble_mean,Ensemble_index,MSE,PSNR,R2_score,Mean_Quantile_Loss
False,0,0.00824184026329324,20.868456761517717,0.8098087086419147,0.4871053692634555
False,1,0.008185340645632104,20.8983311131446,0.8105765742350588,0.48668837344625315
False,2,0.008205526276394965,20.8876342872505,0.8099897124722893,0.48530196740926224
False,3,0.008185866411699355,20.89805216327724,0.8106472945549021,0.48342232651681016
False,4,0.008227715152740752,20.875906214667307,0.8096924489375025,0.4830463375873863
True,,0.007734515145587178,21.14436775054125,0.8213112665850875,0.4655056322500278
