Ensemble_mean,Ensemble_index,MSE,PSNR,R2_score,Mean_Quantile_Loss
False,0,0.007991082822080437,21.002642374225793,0.8148919154572946,0.48177552332691076
False,1,0.008275742852293006,20.850628816717375,0.8088415792665838,0.4866323935692453
False,2,0.008154668523520989,20.914635570368304,0.8108752170852188,0.4903769237495707
False,3,0.008036774557078267,20.977880833534805,0.8144974225466713,0.48303330644885106
False,4,0.008105697442460534,20.940794802729737,0.8119529777611668,0.48744827258085244
True,,0.007715700134248614,21.154945285536847,0.8215710582097207,0.4675405474358524
