Ensemble_mean,Ensemble_index,MSE,PSNR,R2_score,Mean_Quantile_Loss
False,0,0.006812202683337797,21.695823082378972,0.8454458752120501,0.43847870902034985
False,1,0.006972194148413747,21.595003972624106,0.8418733352616737,0.4375078453452511
False,2,0.006858074702269166,21.66667657875152,0.844476271380317,0.4398521779916937
False,3,0.006793109082421496,21.708012808133557,0.8461269630654534,0.4384548509278995
False,4,0.006930774185434533,21.620881201358447,0.8432942403704966,0.4393900401983652
True,,0.0064705390877631925,21.919294042044708,0.8534531691375213,0.4199761245836178
