Ensemble_mean,Ensemble_index,MSE,PSNR,R2_score,Mean_Quantile_Loss
False,0,0.006686333153201743,21.776818573258968,0.848305305592952,1.6105965484321767
False,1,0.006778813454870299,21.717161864856905,0.8463560302738822,1.6165940525163764
False,2,0.006859267885850941,21.665921048963675,0.8449767762760586,1.6218999450825846
False,3,0.0068000115362045295,21.703602197897215,0.8463034501824906,1.616350691438606
False,4,0.006822722231415009,21.689121787553994,0.8457058997586442,1.619142726425231
True,,0.00641470375905438,21.95693264493356,0.8549679386694188,1.5479482059000944
