Ensemble_mean,Ensemble_index,MSE,PSNR,R2_score,Mean_Quantile_Loss
False,0,0.00837447412050756,20.79912324460748,0.8088680817739847,0.5005779597832107
False,1,0.008535284901174887,20.716518471713172,0.8050941304804852,0.5001918016942613
False,2,0.0082210417618144,20.87943014906425,0.8129069904658098,0.48772337575795366
False,3,0.008321171424572327,20.826854002671542,0.8103479347727666,0.4962130374296849
False,4,0.008502370897253211,20.733298230891176,0.80650565214119,0.5001650927411
True,,0.008026699051769476,20.983328891705007,0.8170766431209392,0.47847410243881816
