Ensemble_mean,Ensemble_index,MSE,PSNR,R2_score,Mean_Quantile_Loss
False,0,0.006758176210561589,21.73040358031937,0.8474249982708143,0.43312712526396524
False,1,0.006709066081540436,21.7620779975732,0.8481583110443173,0.43205218479605717
False,2,0.006689752376678375,21.774598267598808,0.8489980298839382,0.43012490684879295
False,3,0.006661900874845465,21.79271702918637,0.8491134032063966,0.42905856415067317
False,4,0.0066843362291713485,21.778115820343356,0.8488281589695185,0.4299491036579331
True,,0.00633903324655032,22.008468397387382,0.8567328081144877,0.4127730567011876
