Ensemble_mean,Ensemble_index,MSE,PSNR,R2_score,Mean_Quantile_Loss
False,0,0.006872466588504679,21.657572321413262,0.8443711767900695,0.43454049125433414
False,1,0.006930654817834561,21.62095599983698,0.8421702094828691,0.4392132077840027
False,2,0.006799864372540327,21.703696187530255,0.8453976378681345,0.43721032225506706
False,3,0.0068792880970276514,21.653263716699875,0.8444434584103301,0.4372148416452057
False,4,0.006830348797743228,21.68426987400335,0.8451306846098005,0.4363467454534108
True,,0.0064505746223772155,21.9327146561583,0.8537107778508649,0.4183413454835119
