Ensemble_mean,Ensemble_index,MSE,PSNR,R2_score,Mean_Quantile_Loss
False,0,0.0069107259836021576,21.633461961261983,0.8433835365464529,0.4389983546812506
False,1,0.006868740296808507,21.65992773018454,0.8438467350120983,0.43598465101022776
False,2,0.00695342331949766,21.606711995446126,0.8426957980784335,0.43653366337758454
False,3,0.006856198434389435,21.667864906829433,0.8446379968077656,0.43857630218726806
False,4,0.007006161931489741,21.573896984498724,0.8410849026748805,0.438436671192016
True,,0.006489863929682303,21.906342780548293,0.8529753998432908,0.4187221008544863
