Ensemble_mean,Ensemble_index,MSE,PSNR,R2_score,Mean_Quantile_Loss
False,0,0.006794002584389054,21.707441615397155,0.8456715732520107,0.4342980240114375
False,1,0.0068611028288462035,21.66475941034797,0.8448667300975087,0.43115959852914676
False,2,0.006818417634743596,21.69186270607196,0.8460592918556685,0.4347161613501312
False,3,0.006774507047085953,21.719921703968264,0.846803564087176,0.43489352762328215
False,4,0.006762824313966034,21.727417638952495,0.8469014718909881,0.434963047690987
True,,0.006370319274902937,21.98708669930852,0.8558915921219107,0.41435307104717994
