Ensemble_mean,Ensemble_index,MSE,PSNR,R2_score,Mean_Quantile_Loss
False,0,0.006783483330027206,21.71417107188999,0.8468695212194652,0.4353663040599935
False,1,0.006899976885355138,21.64022233405554,0.8433823754197336,0.4373428124955999
False,2,0.0067254211448076395,21.751503842985223,0.8481691796544774,0.43617304324555106
False,3,0.006863527471415228,21.663224929817375,0.8438783618121786,0.43858535226427303
False,4,0.006905557035689752,21.63671152651365,0.8435596176480171,0.4381866882424952
True,,0.006392617275176958,21.971911651949622,0.8553759463885028,0.41663770874380507
