Ensemble_mean,Ensemble_index,MSE,PSNR,R2_score,Mean_Quantile_Loss
False,0,0.022351832008881592,16.408836063639637,0.5571393157170221,0.07693785582886058
False,1,0.022157337578841457,16.44679156635896,0.5609928672443678,0.0767013703773907
False,2,0.022867690554306683,16.30974424383957,0.5469185218094176,0.07695960762003079
False,3,0.02227885990241304,16.423037685911275,0.5585851245881425,0.07671186661598174
False,4,0.0222567469709099,16.42735042602821,0.5590232518956979,0.0771077755565497
True,,0.021212475554017396,16.63605376260836,0.5797135807277332,0.07421023201580516
