Ensemble_mean,Ensemble_index,MSE,PSNR,R2_score,Mean_Quantile_Loss
False,0,0.006719559329002836,21.755290764690645,0.8477751404630648,0.43426086510327205
False,1,0.006768529881568096,21.723755187084418,0.8469726648995662,0.43542010316971047
False,2,0.006785979160841916,21.712573476460477,0.8460303564807011,0.4348440832566127
False,3,0.006757478479943638,21.73085197969689,0.8468271760706211,0.43454453763421125
False,4,0.0069223186471017014,21.62618282481523,0.8426994787034673,0.4359570614255053
True,,0.006402137095134999,21.965448994020036,0.854969674230842,0.41656608456520533
