Ensemble_mean,Ensemble_index,MSE,PSNR,R2_score,Mean_Quantile_Loss
False,0,0.0068645913902911975,21.662551779908625,0.8441634361455789,0.44206440915672274
False,1,0.006860921650198813,21.664874094426732,0.8441109310075761,0.43768135843647615
False,2,0.006813289792327382,21.695130079264043,0.8453995685834014,0.4380217109071813
False,3,0.006891578443943446,21.645511653679684,0.8429971748719066,0.43889087856987435
False,4,0.006803405121598819,21.701435366610262,0.8458061871348187,0.4371648639793968
True,,0.006446223317165271,21.935645225316925,0.853761954888332,0.4195549636514902
