Ensemble_mean,Ensemble_index,MSE,PSNR,R2_score,Mean_Quantile_Loss
False,0,0.006824054167502001,21.688274037905643,0.8451952656298122,0.43745811249144817
False,1,0.006919637370292732,21.62786533808965,0.8432453669168858,0.4396466439075665
False,2,0.006858962260329262,21.66611456004521,0.8449216087588581,0.43849659944632613
False,3,0.00692475316468619,21.624655718466244,0.8430608177323639,0.43809167025553897
False,4,0.006888655749811598,21.64735387193946,0.8438429017051882,0.43747238582496795
True,,0.00646617431097371,21.922224614111837,0.853669484791309,0.4192572506996411
